temperature,rate_3_diff_reaction_0_conversion,rate_3_diff_reaction_1_conversion,rate_3_diff_reaction_2_conversion,rate_3_diff_reaction_3_conversion,rate_3_diff_reaction_4_conversion,rate_5_diff_reaction_0_conversion,rate_5_diff_reaction_1_conversion,rate_5_diff_reaction_2_conversion,rate_5_diff_reaction_3_conversion,rate_5_diff_reaction_4_conversion,rate_10_diff_reaction_0_conversion,rate_10_diff_reaction_1_conversion,rate_10_diff_reaction_2_conversion,rate_10_diff_reaction_3_conversion,rate_10_diff_reaction_4_conversion
31.63192,,,,,,,,,,,,,,,
32.58683,,,,,,,,,,,,,,,
33.54175,,,,,,,,,,,,,,,
34.49666,,,,,,,,,,,,,,,
35.45158,,,,,,,,,,,,,,,
36.40649,,,,,,,,,,,,,,,
37.36141,,,,,,,,,,,,,,,
38.31632,,,,,,,,,,,,,,,
39.27124,,,,,,,,,,,,,,,
40.22615,,,,,,,,,,,,,,,
41.18107,,,,,,,,,,,,,,,
42.13598,,,,,,,,,,,,,,,
43.0909,,,,,,,,,,,,,,,
44.04581,,,,,,,,,,,,,,,
45.00073,,,,,,,,,,,,,,,
45.95564,,,,,,,,,,,,,,,
46.91056,,,,,,,,,,,,,,,
47.86547,,,,,,,,,,,,,,,
48.82039,,,,,,,,,,,,,,,
49.7753,,,,,,,,,,,,,,,
50.73022,,,,,,,,,,,,,,,
51.68513,,,,,,,,,,,,,,,
52.64005,,,,,,,,,,,,,,,
53.59496,,,,,,,,,,,,,,,
54.54988,,,,,,,,,,,,,,,
55.50479,,,,,,,,,,,,,,,
56.45971,,,,,,,,,,,,,,,
57.41462,,,,,,,,,,,,,,,
58.36954,,,,,,,,,,,,,,,
59.32445,,,,,,,,,,,,,,,
60.27937,,,,,,,,,,,,,,,
61.23428,,,,,,,,,,,,,,,
62.1892,,,,,,,,,,,,,,,
63.14411,,,,,,,,,,,,,,,
64.09903,,,,,,,,,,,,,,,
65.05394,,,,,,,,,,,,,,,
66.00886,,,,,,,,,,,,,,,
66.96377,,,,,,,,,,,,,,,
67.91869,,,,,,,,,,,,,,,
68.8736,,,,,,,,,,,,,,,
69.82852,,,,,,,,,,,,,,,
70.78343,,,,,,,,,,,,,,,
71.73835,,,,,,,,,,,,,,,
72.69326,,,,,,,,,,,,,,,
73.64818,,,,,,,,,,,,,,,
74.60309,,,,,,,,,,,,,,,
75.55801,,,,,,,,,,,,,,,
76.51292,,,,,,,,,,,,,,,
77.46784,,,,,,,,,,,,,,,
78.42275,,,,,,,,,,,,,,,
79.37767,,,,,,,,,,,,,,,
80.33258,,,,,,,,,,,,,,,
81.2875,,,,,,,,,,,,,,,
82.24241,,,,,,,,,,,,,,,
83.19733,,,,,,,,,,,,,,,
84.15224,,,,,,,,,,,,,,,
85.10716,,,,,,,,,,,,,,,
86.06207,,,,,,,,,,,,,,,
87.01699,,,,,,,,,,,,,,,
87.9719,,,,,,,,,,,,,,,
88.92682,,,,,,,,,,,,,,,
89.88173,,,,,,,,,,,,,,,
90.83665,,,,,,,,,,,,,,,
91.79156,,,,,,,,,,,,,,,
92.74648,,,,,,,,,,,,,,,
93.70139,,,,,,,,,,,,,,,
94.65631,,,,,,,,,,,,,,,
95.61122,,,,,,,,,,,,,,,
96.56614,,,,,,,,,,,,,,,
97.52105,,,,,,,,,,,,,,,
98.47597,,,,,,,,,,,,,,,
99.43088,,,,,,,,,,,,,,,
100.3858,,,,,,,,,,,,,,,
101.34071,,,,,,,,,,,,,,,
102.29563,,,,,,,,,,,,,,,
103.25054,,,,,,,,,,,,,,,
104.20546,,,,,,,,,,,,,,,
105.16037,,,,,,,,,,,,,,,
106.11529,,,,,,,,,,,,,,,
107.0702,,,,,,,,,,,,,,,
108.02512,,,,,,,,,,,,,,,
108.98003,,,,,,,,,,,,,,,
109.93495,,,,,,,,,,,,,,,
110.88986,,,,,,,,,,,,,,,
111.84478,,,,,,,,,,,,,,,
112.79969,,,,,,,,,,,,,,,
113.75461,,,,,,,,,,,,,,,
114.70952,,,,,,,,,,,,,,,
115.66444,,,,,,,,,,,,,,,
116.61935,,,,,,,,,,,,,,,
117.57427,,,,,,,,,,,,,,,
118.52918,,,,,,,,,,,,,,,
119.4841,,,,,,,,,,,,,,,
120.43901,,,,,,,,,,,,,,,
121.39393,,,,,,,,,,,,,,,
122.34884,,,,,,,,,,,,,,,
123.30376,,,,,,,,,,,,,,,
124.25867,,,,,,,,,,,,,,,
125.21359,,,,,,,,,,,,,,,
126.1685,,,,,,,,,,,,,,,
127.12342,,0.0001646521302924649,,,,,,,,,,,,,
128.07833,,0.00033363118892366423,,,,,,,,,,,,,
129.03325,,0.0005070692532711984,,,,,,,,,,,,,
129.98816,,0.0006851029182322011,,,,,,,,,,,,,
130.94308,,0.0008678736679487417,,,,,,,,,,,,,
131.89799,,0.0010555278703247586,,,,,,,,,,,,,
132.85291,,0.0012482171770703567,,,,,,,,,,,,,
133.80782,,0.0014460985232095762,,,,,,,,,,,,,
134.76274,,0.0016493345579522895,,,,,,,,,,,,,
135.71765,,0.0018580936500520152,,,,,,,,,,,,,
136.67257,,0.0020725503522675205,,,,,,,,,,,,,
137.62748,,0.002292885413551794,,,,,,,,,,,,,
138.5824,,0.0025192862801476667,,,,,,,,,,,,,
139.53731,,0.0027519471157280155,,,,,,,,,,,,,
140.49223,,0.0029910693424841845,,,,,,,,,,,,,
141.44714,,0.003236861670496018,,,,,,,,,,,,,
142.40206,,0.0034895406825226297,,,,,,,,,,,,,
143.35697,,0.0037493308740617227,,,,,,,,,,,,,
144.31189,,0.004016465285944163,,,,,,,,,,,,,
145.2668,,0.004291185556748454,,,,,,,,,,,,,
146.22172,,0.004573742607738798,,,,,,,,,,,,,
147.17663,,0.004864396709536317,,,,,,,,,,,,,
148.13155,,0.005163418224430929,,,,,,,,,,,,,
149.08646,,0.005471087689480334,,,,,,,,,,,,,
150.04138,,0.0057876966217758705,,,,7.341409826869754e-05,,,,,,,,,
150.99629,,0.00611354762044847,,,,0.00015288562366969408,,,,,,,,,
151.95121,,0.006448955241085689,9.112067985538435e-05,,,0.00023891186694807492,,,,,,,,,
152.90612,,0.0067942461194763284,0.00018549005811929243,,,0.00033203035407903815,,,,,,,,,
153.86104,8.745545644489308e-05,0.007149759922069121,0.000283223561271999,,,0.00043282233523902656,,,,,,,,,
154.81595,0.00018366214548351344,0.007515849494691426,0.00038444061242970184,,,0.00054191591856553,,,,,,,,,
155.77087,0.00028949119767755836,0.007892881896719774,0.0004892649158871617,,,0.0006599901060757097,,,,,,,,,
156.72578,0.0004058992576526088,0.008281238578470598,0.0005978244543383426,,,0.0007877784051737255,,,,,,,,,
157.6807,0.0005339371380980343,0.00868131650763098,0.0007102517933863469,,,0.0009260734859102846,,,,,,,,,
158.63561,0.0006747583298744852,0.009093528379549796,0.0008266840779272291,,,0.001075731329924438,,,,,7.818818977891364e-05,,,,
159.59053,0.0008296292971138415,0.009518303845467087,0.0009472633579692817,,,0.0012376765892102158,,,,,0.00016240704895498524,,,,
160.54544,0.000999939562764806,0.00995608976054254,0.001072136584025668,,,0.00141290733448977,,,,,0.0002531194024003608,,,,
161.50036,0.0011872139076279137,0.010407351524539655,0.0012014559556664443,,,0.0016025012000285596,,,,,0.00035082338052474474,,,,
162.45527,0.0013931242649292074,0.010872573373127368,0.0013353789157408739,,,0.0018076207934686033,,,,,0.00045605475069910494,,,,
163.41019,0.001619504105092773,0.011352259842938436,0.0014740685231704363,,,0.0020295207132206886,,,,,0.0005693900213542826,,,,
164.3651,0.001868362379358029,0.011846936112483015,0.0016176934457931495,,,0.002269553678326706,,,,,0.0006914491101684175,,,,
165.32002,0.0021419003799180263,0.012357149604930362,0.0017664283589942458,,,0.0025291785031952875,,,,,0.0008228989020903362,,,,
166.27493,0.002442527962852554,0.012883470385896632,0.0019204539369320447,,,0.002809966997481977,,,,,0.0009644562955418088,,,,
167.22985,0.002772883161911123,0.013426492918918703,0.0020799572786946853,,,0.0031136129755998058,,8.468883408647571e-05,,,0.0011168922720802543,,,,
168.18476,0.0031358508853345686,0.013986836528441245,0.002245131897629489,,,0.0034419399607667333,,0.00017263491156893211,,,0.0012810353642426597,,,,
169.13968,0.003534585519631066,0.01456514732478883,0.0024161781768091304,,,0.003796911291428906,,0.00026396300847451057,,,0.0014577762988162767,,,,
170.09459,0.003972532219627192,0.015162098741901253,0.0025933033561432216,,,0.004180638637784757,,0.0003588025649452472,,,0.0016480719313583555,,,,
171.04951,0.004453452650443404,0.01577839365069687,0.0027767220190352293,,,0.004595393240967284,,0.0004572880061140016,,,0.0018529505283963125,,,,
172.00442,0.004981448857195325,0.016414764982515602,0.0029666560769055243,,,0.005043615211095454,,0.0005595587748736459,,,0.0020735162135415725,,,,
172.95934,0.005560992138455669,0.01707197805213932,0.0031633352890209285,,,0.005527925894020853,,0.000665759676855441,,,0.002310954955784084,,,,
173.91425,0.006196949268190954,0.017750831279528582,0.0033669972440017824,,,0.006051137863162625,,0.0007760409147545449,,,0.002566539569734339,,,,
174.86917,0.006894614246584479,0.018452158746466933,0.003577887914908835,,,0.006616268348379966,,0.0008905584591229882,,,0.0028416364766901117,,,,
175.82408,0.007659736324042481,0.01917683103105477,0.0037962616372420126,,,0.007226549754777051,,0.0010094740842112515,,,0.003137711295905134,,,,
176.779,0.008498554005395712,0.019925758025022652,0.004022381701473925,,,0.007885444003801163,,0.0011329557663935722,,,0.0034563364412038694,,,,
177.73391,0.009417823863254364,0.02069988989761332,0.004256520326973827,,,0.008596653305746603,,0.0012611777214567087,,,0.00379919733001602,,,,
178.68883,0.010424855648146988,0.02150022020412103,0.004498959294282703,,,0.009364135149278629,,0.0013943208325847105,,,0.0041681008695950384,,,,
179.64374,0.011527540247040731,0.022327786998297298,0.004749989914311205,,,0.010192112915555567,,0.0015325726889912638,,,0.004564982294261444,,,,
180.59866,0.01273438404909541,0.023183676266683915,0.005009913702757298,,,0.011085091104301179,,0.0016761280455038503,,,0.004991914579969559,,,,
181.55357,0.014054533586499905,0.02406902321157296,0.005279042343830318,,,0.012047865202404659,,0.0018251888623941764,,,0.005451115895771086,,,,
182.50849,0.015497806414467226,0.024985016050285906,0.005557698409317578,,,0.013085536549296926,,0.0019799647987174675,,,0.005944959961388926,,,,
183.4634,0.017074708973236815,0.025932897494066194,0.0058462153159765575,,,0.014203520660204683,,0.002140673253145199,,,0.006475984063939362,,,,
184.41832,0.018796460188449344,0.02691396895670216,0.006144938091860678,,,0.01540756091119495,,0.0023075398933333547,,,0.007046900337707433,,,,
185.37323,0.020674997970745842,0.027929592258602875,0.006454223326396239,,,0.016703734270211726,,0.002480798697501719,,,0.007660604248854613,,,,
186.32815,0.02272299061622784,0.02898119429516838,0.006774439986678425,,,0.018098462728816114,,0.0026606925222245953,,,0.00832018672676453,,,,
187.28306,0.024953826244951155,0.030070268999779402,0.007105969359107019,,,0.019598515123415754,,0.002847473144429564,,,0.009028942954716429,,,,
188.23798,0.027381606058052094,0.031198382529199025,0.007449205918460162,,,0.021211014971414064,,0.0030414018701243636,,,0.009790385214754197,,,,
189.19289,0.030021110143856597,0.03236717552438914,0.007804557259800919,,,0.022943436792107207,,0.0032427495764036263,,,0.010608251737931569,,,,
190.14781,0.0328877660190699,0.0335783688781144,0.008172445023226695,,,0.024803608746939307,,0.003451797363745189,,,0.011486520036446601,,,,
191.10272,0.03599758395512922,0.034833766338491515,0.008553304814575037,,,0.026799701629951427,,0.0036688365975137516,,,0.012429415460147147,,,,
192.05764,0.039367094400221514,0.0361352609330081,0.008947587188828777,,,0.028940224507716446,,0.003894169606577273,,,0.0134414246779547,,,,
193.01255,0.04301324675100332,0.03748483796663819,0.00935575755794146,,,0.031234004395007682,,0.004128109723679555,,,0.014527303455826616,,,,
193.96747,0.04695331069068402,0.0388845821868546,0.009778297235950176,,,0.03369017299898685,,0.004370982033240968,,,0.015692089812781303,,,,
194.92238,0.051204734619430474,0.04033668123614314,0.010215703332005738,,,0.03631813509514107,,0.004623123409834845,,,0.016941110379204906,,,,
195.8773,0.055785009065325415,0.04184343365446703,0.010668489860304052,,,0.03912754457596357,,0.0048848833181444834,,,0.018279992591883454,,,,
196.83221,0.06071148510726469,0.04340725285523659,0.011137187616140565,,,0.04212825977453723,,0.005156623848618112,,,0.019714668813216728,,,,
197.78713,0.06600120297347174,0.04503067607528879,0.011622345353814187,,,0.04533030737989899,,0.005438720572653538,,,0.02125138674906081,,,,
198.74204,0.07167067667405158,0.04671636895398466,0.01212452964322613,,,0.04874382349928071,,0.005731562574319926,,,0.022896710316511287,,,,
199.69696,0.07773569734144066,0.04846713555632609,0.012644326118934431,,,0.0523790047001803,,0.006035553363929731,,,0.024657527277984793,,,,
200.65187,0.08421109724680138,0.05028592364703697,0.01318233931448056,,,0.05624603451408839,,0.006351110904499036,,,0.026541045651674932,,,,
201.60679,0.09111054431293764,0.05217583593019757,0.01373919398577412,,,0.060355021934344166,,0.006678668586940263,,,0.028554797372361117,,,,
202.5617,0.09844630531620975,0.05414013612409605,0.014315534919952364,,,0.06471591435194914,,0.007018675249682088,,,0.030706628866623367,,,,
203.51662,0.10622905361645239,0.05618226158097128,0.014912028336249649,,,0.0693384252503722,,0.0073715962187722445,,,0.03300469940146653,,,,
204.47153,0.11446765572966956,0.05830583028426748,0.01552936166577133,,,0.07423193615700333,,0.007737913318788538,,,0.03545746432764882,,,,
205.42645,0.12316901670682805,0.060514655034982656,0.016168245032946737,,,0.07940541691294788,,0.008118125981174543,,,0.03807366669708068,,,,
206.38136,0.13233791454437457,0.06281275151086013,0.016829411002125323,,,0.08486732095153904,,0.008512751244239907,,,0.04086231165339328,,,,
207.33628,0.14197690528554155,0.06520435423165288,0.017513616142620654,,,0.09062550316306743,,0.00892232493305807,,,0.04383264993248922,,,,
208.29119,0.1520862249059307,0.0676939258398145,0.018221640737508735,,,0.09668711440594567,,0.009347401645971505,,,0.04699414199799814,,,,
209.24611,0.1626637688069915,0.07028617508584646,0.018954290435138813,,,0.1030585233291165,,0.00978855600935442,,,0.050356432235153376,,,,
210.20102,0.17370507136011618,0.07298606751216381,0.019712395914926798,,,0.10974521715018223,,0.010246382647600657,,,0.053929301739417713,,,,
211.15594,0.18520336334085152,0.0757988457315898,0.020496814628031452,,,0.1167517345073908,,0.010721497515989768,,,0.057722632417552315,,7.738044315216764e-05,,
212.11085,0.19714962731153313,0.07873004172002161,0.021308430414284957,,,0.1240815798792637,,0.011214537850635692,,,0.06174634788080336,,0.00015869783658449516,,
213.06577,0.20953272438013737,0.0817854996958305,0.022148155334504843,,,0.13173717433466559,,0.01172616358258494,,,0.06601036730870195,,0.0002441515069025734,,
214.02068,0.22233951206643848,0.08497139025216306,0.02301692923198482,,,0.1397197903009952,,0.01225705726363606,,,0.07052453469102038,,0.0003339506750186086,,
214.9756,0.23555502163936745,0.08829423618184953,0.023915721658627792,,,0.14802952583734033,,0.012807925564636861,,,0.07529856318878904,,0.00042831512272957023,,
215.93051,0.24916261688916644,0.09176092870553883,0.024845531373628518,,,0.15666526475599166,,0.013379499172440789,,,0.08034195398971845,,0.0005274755175062426,,
216.88543,0.26314419753693696,0.09537875662442068,0.025807388365266144,,,0.1656246778536911,,0.013972534375148461,,,0.08566393297003928,,0.0006316741440000445,,
217.84034,0.27748037407100445,0.09915542492396469,0.026802353278542117,,,0.17490421086274688,,0.014587812924740012,,,0.09127336160086391,,0.0007411652578759657,,
218.79526,0.2921506721567907,0.10309908767300716,0.02783151953405614,,,0.18449911326300666,,0.015226143711716576,,,0.09717866886958341,,0.000856215887993088,,
219.75017,0.307133700410003,0.10721836930139776,0.028896012675415136,,,0.1944034536008362,,0.015888362587129848,,,0.10338775786512008,,0.0009771062212581897,,
220.70509,0.32240733462843196,0.11152240169486612,0.029996992586129367,,,0.20461017355810246,,0.016575334128712954,,,0.1099079369983509,,0.0011041304816041752,,
221.66,0.33794886075698816,0.11602084845310068,0.03113565274657855,,,0.21511112735504978,,0.01728795141511248,,,0.1167458269174144,,0.0012375973478254065,,
222.61492,0.35373512439021193,0.12072394664886962,0.03231322254930079,,,0.22589715619996675,0.00017467857605204647,0.01802713788514676,,,0.12390729587437133,,0.0013778309158518072,,
223.56983,0.3697426383302214,0.12564253436256104,0.03353096645418916,,,0.2369581462806553,0.0003886045421242043,0.01879384705602428,,,0.13139737227001402,,0.001525171151464774,,
224.52475,0.3859476902515826,0.1307880975709785,0.03479018640190158,,,0.2482831169867132,0.000650518778857497,0.0195890644768221,,,0.13922018934875988,,0.0016799749427232767,,
225.47966,0.4023264114139968,0.1361728012119135,0.036092220854765864,,,0.25986029073097777,0.0009710688655149982,0.02041380738134122,,,0.1473789087603141,,0.0018426165893372238,,
226.43458,0.41885484215531116,0.14180954162653914,0.037438447307311155,,,0.2716771876485717,0.0013632085191383695,0.021269126736250435,,,0.15587567947550596,,0.00201348895243368,,
227.38949,0.4355089643563053,0.14771198131243124,0.038830281199084424,,,0.2837207002823317,0.001842665199541682,0.022156106817978735,,,0.16471157716905666,,0.0021930039821666182,,
228.34441,0.45226472974777354,0.15389460723786827,0.04026917852049339,,,0.29597718780482024,0.002428495776963446,0.023075867355212318,,,0.1738865812837433,,0.002381593972301745,,
229.29932,0.46909806319154296,0.16037276926151967,0.04175663458238735,,,0.3084325493333051,0.003143723888344699,0.024029563017852404,,,0.18339953379276142,,0.0025797121273483195,,
230.25424,0.4859848625051991,0.1671627444270125,0.04329418671450898,,,0.3210723118810834,0.00401607957819129,0.02501838565267954,,,0.19324813677799624,,0.0027878339296717887,,
231.20915,0.5029009826020888,0.17428177871184708,0.044883412875276196,,,0.33388169746294627,0.005078819280457887,0.026043563670910302,,,0.2034289323672307,,0.0030064577470217983,,
232.16407,0.519822217897619,0.18174815703340041,0.046525934439170066,,,0.34684570063756376,0.0063716395153872694,0.027106364374848403,,,0.21393732124532866,,0.0032361063200307323,,
233.11898,0.536724279171708,0.18958124745984206,0.048223414628683486,,,0.35994914628571406,0.007941629305664003,0.02820809322895723,,,0.2247675635432564,,0.003477327410454787,,
234.0739,0.5535827709847935,0.19780157601579465,0.04997756138593238,,,0.373176754418176,0.00984425172628252,0.029350096274199263,,,0.2359128166717417,0.00015090541613722752,0.0037306954169568853,,
235.02881,0.57037317411143,0.20643087162103696,0.05179012560722834,,,0.3865131872434224,0.012144238703507533,0.030533759265807828,,,0.2473651549901097,0.00032528061228562476,0.003996812063642738,,
235.98373,0.5870708310144056,0.215492143720661,0.05366290409310129,,,0.3999431006063916,0.014916344318233691,0.031760510170776364,,,0.2591156235677092,0.0005267510060355381,0.0042763081519265,,
236.93864,0.6036509469797093,0.22500972481987125,0.05559773756442802,,,0.41345118047814855,0.018245748639675957,0.033031818153671656,,,0.2711542728921702,0.0007594930035502686,0.004569844287993764,,
237.89356,0.6200885965782987,0.23500934723586983,0.05759651368391304,,,0.4270221817772456,0.022228000627726136,0.034349196151377506,,,0.28347022390007987,0.0010283163531253706,0.004878112778270163,,
238.84847,0.6363587560605706,0.24551817786399924,0.0596611648311904,,,0.4406409555795345,0.026968197082213857,0.035714199686358424,,,0.2960517130241183,0.0013387548461687164,0.005201838393235164,,
239.80339,0.6524363425919318,0.2565648875705654,0.06179367118764638,,,0.45429247707154813,0.032579276797917604,0.037128429511299056,,,0.30888616325578333,0.0016971722511341114,0.005541780413513688,,
240.7583,0.6682962886170165,0.2681796692726116,0.0639960582464417,,,0.4679618655522988,0.03917912141385582,0.03859353022722379,,,0.32196023457931283,0.0021108780861256882,0.005898733425949414,,
241.71322,0.6839136229767545,0.28039428904720054,0.06627039995140228,,,0.4816344038714793,0.04688650325938289,0.04011119298912072,,,0.3352598959646028,0.002588261981408763,0.006273529526566793,,
242.66813,0.6992635942619413,0.2932420729606335,0.06861881591652363,,,0.49529555369800876,0.05581578907399951,0.041683153904279464,,,0.34877047665987687,0.00313893893883649,0.00666703914293525,,
243.62305,0.7143217981637107,0.30675792187415835,0.07104347460853694,,,0.5089309690478967,0.06607086205501701,0.04331119678837096,,,0.3624767347681541,0.0037739164308279688,0.0070801733991463795,,
244.57796,0.7290643508539244,0.32097824347486764,0.07354659024920526,,,0.522526509381639,0.07773860113375823,0.044997151317322556,,,0.3763629058318602,0.004505772277172391,0.007513884956199727,,
245.53288,0.7434680598398236,0.335940901420028,0.07613042603013218,,,0.5360682497914991,0.09088286940015144,0.04674289582167615,,,0.3904127648443229,0.005348856700376524,0.00796917054264351,,
246.48779,0.7575106401816121,0.35168505469032696,0.07879729067009596,,,0.5495424943266796,0.10553961394836243,0.04855035516332669,,,0.4046096698612955,0.0063195025667310365,0.0084470718019223,,
247.44271,0.7711709171602131,0.3682509935569579,0.08154954164975337,,,0.5629357851531271,0.12171406024001157,0.05042150355434432,,,0.4189366157305424,0.007436259807787504,0.008948677990369336,,
248.39762,0.7844290685927744,0.38567982543213464,0.08438958139544664,,,0.5762349181518709,0.13938022516920145,0.05235836212802217,,,0.4333762719011537,0.008720130885655472,0.009475126817105816,,
249.35254,0.7972668382208566,0.40401312097212627,0.08731986052072054,,,0.5894269529428723,0.15848307130787728,0.054363001766777524,,,0.44791102762097534,0.010194825840259865,0.010027607308574115,,
250.30745,0.8096677784744675,0.4232923487269683,0.0903428736075479,,,0.6024992323074453,0.17894270442927115,0.056437540335261716,,,0.4625230245040709,0.011887003673290798,0.010607360622595242,,
251.26237,0.821617446038782,0.4435582076978078,0.09346116244108328,,,0.6154393944266771,0.20066018452341558,0.05858414550051757,,,0.4771941942867419,0.013826520969362143,0.011215683075517926,,
252.21728,0.833103613839789,0.46484965368479403,0.09667731135916387,,,0.6282353970832418,0.22352389595355157,0.060805031593486075,,,0.4919062879184675,0.01604664079907893,0.011853926907353696,,
253.1722,0.844116417492122,0.48720271884020855,0.09999395046653313,,,0.6408755328424046,0.2474159080277613,0.06310246240337024,,,0.5066409080665909,0.018584225220646136,0.012523503463810802,,
254.12711,0.854648505573772,0.5106488769882557,0.10341375052386734,,,0.6533484583273105,0.27221751548751966,0.0654787476328312,,,0.5213795374201224,0.02147984710042135,0.013225883883969796,,
255.08203,0.864695109584447,0.5352130290130109,0.10693942612788827,,,0.6656432124030506,0.29781377195215686,0.06793624564758241,,,0.5361035689123445,0.024777848252060038,0.013962602424903232,,
256.03694,0.8742541089218833,0.5609108017461027,0.11057373011212528,,,0.6777492501303944,0.32409672058808675,0.07047735949001496,,,0.550794336503592,0.02852626015992913,0.014735257037074817,,
256.99186,0.8833260076807058,0.5877451854511352,0.11431945667996865,,,0.6896564633420994,0.35096751577400587,0.07310453956452162,,,0.5654331464949378,0.03277662229202111,0.015545512813857985,,
257.94677,0.8919139040499242,0.6157021230742069,0.11817943529099012,,,0.7013552182083495,0.37833747627607484,0.07582027917435104,,,0.5800013142350476,0.037583596666529,0.016395102412705066,,
258.90169,0.9000233724620595,0.6447449933638588,0.12215653373513793,,,0.7128363769692345,0.40612839399221345,0.07862711712314815,,,0.5944801998826612,0.043004431460273704,0.01728582960563359,,
259.8566,0.9076623430916747,0.6748075004573896,0.12625365148078688,,,0.7240913374455548,0.43427222574070706,0.08152763274064134,,,0.6088512542209021,0.04909816322797669,0.01821956949621531,,
260.81152,0.9148409034828119,0.7057847973525244,0.1304737226800096,,,0.7351120541701675,0.4627104394194343,0.0845244483814998,,,0.6230960617546045,0.05592464476788362,0.019198272139994258,,
261.76643,0.921571108088401,0.737522270626268,0.13481970895768491,,,0.7458910777115497,0.49139310126585634,0.08762022390714087,,,0.63719639808007,0.06354329447483921,0.020223962498529528,,
262.72135,0.9278667253454304,0.7698017365756992,0.13929460234015567,,,0.7564215730903298,0.5202778664343793,0.09081765906436313,,,0.6511342822545697,0.07201170816904083,0.02129874409078547,,
263.67626,0.9337430061034221,0.8023245907834898,0.14390141746875446,,,0.7666973565100743,0.5493288882090376,0.09411948739325644,,,0.6648920469531563,0.08138405161292261,0.02242479861592623,,
264.63118,0.9392164074624078,0.834691980339111,0.14864319444721932,,,0.7767129088076694,0.5785156981378685,0.09752847847028333,,,0.6784524006384804,0.0917094403767193,0.02360438958808023,,
265.58609,0.9443043509066176,0.8663826366858877,0.1535229904679441,,,0.7864634071535225,0.6078119858746834,0.10104743121610528,,,0.6917985100836753,0.10303025099808993,0.02483986154950504,,
266.54101,0.9490249527149321,0.8967306901914548,0.15854388257729657,,,0.7959447314002853,0.6371941921734846,0.10467917599095554,,,0.7049140710838706,0.11538062370026936,0.026133643631959948,,
267.49592,0.9533967984078802,0.9249093354248238,0.1637089587087858,,,0.8051534885453341,0.6666396702107305,0.10842656728126703,,,0.7177834009615901,0.12878510430678766,0.027488248271509204,,
268.45084,0.957438702907666,0.9499330751750467,0.16902132036991346,,,0.8140870102159672,0.6961240226500488,0.11229248563938621,,,0.7303915145720398,0.14325769663104876,0.028906274630322575,,
269.40575,0.9611695198867974,0.9707060045604251,0.1744840730832637,,,0.8227433681683318,0.7256168781355801,0.11627982973427928,,,0.7427242223615238,0.15880123342828376,0.030390406714152492,,
270.36067,0.9646079458255067,0.9861697746613036,0.18010032900369022,,,0.8311213617459969,0.7550748631583091,0.12039151813292893,,,0.7547682065015628,0.17540729209407563,0.03194341657912667,,
271.31558,0.9677723737814357,0.995649299627931,0.18587319677602848,,,0.8392205233712959,0.7844296711787403,0.12463048070814431,,,0.7665111182615526,0.19305648690318272,0.03356816174334377,,
272.2705,0.9706807466390495,0.9995174845470309,0.19180578409721316,,,0.8470410955693591,0.8135679401506164,0.1289996602653688,,,0.7779416476115745,0.21171928417381977,0.035267588094664605,,
273.22541,0.9733504568768885,1.0,0.19790118700780263,,,0.8545840262073668,0.8422985006179504,0.13350200330971487,,,0.7890496124663464,0.2313570968855067,0.03704472647959451,,
274.18033,0.9757982473156348,,0.20416249241993137,,,0.8618509354926134,0.8703030940583213,0.1381404615293494,,,0.7998260143827323,0.25192373459300377,0.038902695220908334,,
275.13524,0.978040152796914,,0.21059276686898756,,,0.8688441015303056,0.8970742215721057,0.14291798193424393,,,0.8102631119671455,0.27336693224724923,0.04084469576085462,,
276.09016,0.9800914422642164,,0.2171950590349895,,,0.875566418476914,0.9218678643623867,0.14783750821568953,,,0.820354455635242,0.29563000398394557,0.04287401469250162,,
277.04507,0.9819665950925783,,0.22397238799038904,,,0.8820213737148545,0.9437444103652208,0.1529019702807539,,,0.8300949383472214,0.31865336734627386,0.04499401833128836,,
277.99999,0.9836792762313523,,0.23092774574933078,,,0.8882129989754062,0.9617928017399464,0.15811428551663934,,,0.8394808038839385,0.3423759927031557,0.047208154162228934,,
278.9549,0.9852423388347558,,0.2380640850574393,,,0.8941458409836439,0.9755150133384258,0.1634773477572471,,,0.8485096700594248,0.3667365793188767,0.049519944215054325,,
279.90982,0.9866678238864043,,0.2453843220102478,,,0.8998249077889363,0.9850992339485588,0.16899402849078385,,,0.8571805074432063,0.3916745345203232,0.05193298583194029,,
280.86473,0.9879669811274676,,0.2528913234406925,,,0.9052556350626866,0.9913102672030774,0.1746671653078485,,,0.8654936330186688,0.4171306157499424,0.05445094372811808,,
281.81965,0.9891502853977238,,0.2605879096545182,,,0.9104438300559619,0.9951117358001391,0.18049956310059379,,,0.8734506593506629,0.44304732171097033,0.05707754999272486,,
282.77456,0.9902274690047436,,0.2684768414807396,,,0.9153956358212355,0.9973496610825897,0.1864939820549892,,,0.8810544598281186,0.469368931251377,0.05981659473000473,,
283.72948,0.9912075483758779,,0.27656082317775244,,,0.9201174751616991,0.9986352881283378,0.1926531388995648,,,0.888309091392483,0.4960412625628709,0.06267192522030822,,
284.68439,0.9920988624650582,,0.28484248922088895,,,0.9246160149177708,0.9993631373377122,0.1989796945175101,,,0.8952197354525576,0.5230110642084022,0.06564743505795116,,
285.63931,0.9929091048037066,,0.29332440743797794,,,0.9288981120191103,0.9997717293536289,0.20547625531211958,,,0.901792599896359,0.5502250741329302,0.06874706242124556,,
286.59422,0.9936453639811039,,0.3020090656159657,,,0.932970779675671,1.0,0.21214536052664654,,,0.9080348419884553,0.57762864983249,0.07197477765259083,,
287.54914,0.9943141575650931,,0.310898874928462,,,0.9368411372501011,,0.2189894838015459,,,0.9139544570640655,0.6051639559596677,0.07533458061633516,,
288.50405,0.9949214719462838,,0.3199961564498718,,,0.940516379784273,,0.22601102030096334,,,0.9195601908976763,0.6327676006846259,0.07883048670520205,,
289.45897,0.9954727957561685,,0.32930314493974056,,,0.9440037329427249,,0.23321228854322296,,,0.9248614230340458,0.6603676718862821,0.08246652330292532,,
290.41388,0.9959731573693673,,0.33882197535760705,,,0.9473104268529333,,0.2405955174419367,,,0.9298680761852731,0.6878801028923793,0.08624671424855125,,
291.3688,0.9964271563469397,,0.34855468706946136,,,0.9504436568913859,,0.24816284849541898,,,0.9345905016495524,0.7152043847445844,0.09017507546669115,,
292.32371,0.9968389976433681,,0.35850321045929673,,,0.9534105623746918,,0.2559163228571117,,,0.9390393924157319,0.7422187907418603,0.09425559797672757,,
293.27863,0.9972125202636555,,0.3686693716214998,,,0.9562181935178566,,0.26385788397127874,,,0.9432256768128302,0.7687755061209537,0.09849224280592561,,
294.23354,0.9975512277542643,,0.37905487916562064,,,0.9588734951242152,,0.2719893647912807,,,0.9471604404892766,0.7946965367860429,0.10288892269236942,,
295.18846,0.9978583137226316,,0.3896613294548878,,,0.9613832796732071,,0.28031249094764255,,0.00019044659962591374,0.950854832677475,0.8197717157667199,0.10744949645291056,,
296.14337,0.9981366885470607,,0.400490193698871,,,0.9637542158441439,,0.28882886823330056,,0.00038792749510444067,0.9543200004285176,0.8437608727953607,0.11217774959406887,,
297.09829,0.9983890017104536,,0.41154282379250096,,,0.9659928074045362,,0.2975399863856971,,0.0005927385747304827,0.9575670100171214,0.866402321902533,0.11707738836479296,,
298.0532,0.9986176648863925,,0.42282043978701084,,,0.9681053861748348,,0.30644720695521155,,0.000805189578671724,0.9606067950686762,0.8874296374960736,0.12215201955494111,,
299.00812,0.9988248712258917,,0.4343241363758786,,,0.9700980961906519,,0.3155517677752099,,0.0010256051517939686,0.9634500939466456,0.906596523644435,0.12740514451816676,,
299.96303,0.9990126151031873,,0.44605487082774437,,,0.9719768905700783,,0.32485477132337115,,0.0012543252987851044,0.9661074119296009,0.923706873847212,0.1328401384985252,,
300.91795,0.999182708599107,,0.4580134701557257,,,0.9737475203065585,,0.33435718994267366,,0.0014917065531047944,0.9685889740843541,0.9386431188994656,0.1384602449569344,,
301.87286,0.9993367982504938,,0.47020061958706655,,,0.9754155344266906,,0.34405985479532414,,0.0017381224981587473,0.970904700549765,0.951384920606192,0.14426855481800543,,
302.82778,0.9994763790228631,,0.4826168704405471,,,0.9769862727218037,,0.35396346188373273,,0.001993965066818259,0.9730641734683162,0.9620116127056328,0.1502680014696592,,
303.78269,0.9996028084246775,,0.49526262919667724,,0.0002461217842471135,0.9784648685678567,,0.3640685616835222,,0.0022596451384154985,0.9750766237310076,0.9706878445647018,0.15646134035945167,,
304.73761,0.9997173182749511,,0.5081381660947586,,0.0005040408280709772,0.9798562449072713,,0.37437556599704397,,0.0025355939852735724,0.9769509100010996,0.9776370305243671,0.16285114505645187,,
305.69252,0.999821026534216,,0.5212436048548139,,0.0007744025453498036,0.9811651191282709,,0.3848847383359368,,0.0028222639568101274,0.97869551492611,0.9831110154615126,0.16943978764458034,,
306.64744,0.9999149471636543,,0.5345789319916215,,0.001057892484424842,0.9823960016487591,,0.3955962016212474,,0.0031201300918158067,0.9803185340745126,0.9873630076875998,0.17622943623494106,,
307.60235,1.0,,0.5481439872255653,,0.0013552385440203725,0.9835532023058738,,0.4065099293678275,,0.0034296909027181906,0.9818276795492964,0.9906282305840248,0.18322203659949776,,
308.55727,,,0.5619384734958228,,0.0016672145013730832,0.9846408309569655,,0.41762575422534703,,0.003751470174995212,0.9832302766860295,0.9931128561598747,0.19041931149818883,,
309.51218,,,0.5759619480817276,,0.0019946426052205985,0.98566280489921,,0.42894335999720073,,0.004086017866708295,0.984533273121957,0.9949899864382591,0.19782274396769356,,
310.4671,,,0.5902138332802281,,0.0023383976439835313,0.9866228509778847,,0.4404622909964335,,0.00443391211949417,0.9857432412874777,0.9964003018452295,0.20543357878013388,,
311.42201,,,0.6046934082392539,,0.0026994099850266165,0.9875245136311867,,0.4521819449115808,,0.004795760290875842,0.9868663912176505,0.9974554057369611,0.2132528077487813,,
312.37693,,,0.6193998202383993,,0.0030786702756009318,0.9883711580746375,,0.4641015829315975,,0.005172201204810698,0.987908577137162,0.9982422225099356,0.22128117356535554,,
313.33184,,,0.6343320771945106,,0.0034772330113020493,0.989165978641025,,0.47622032345100557,,0.005563906337089258,0.988875312585636,0.998827549111222,0.22951915740954598,,
314.28676,,,0.6494890594113939,,0.0038962219800846147,0.9899120026860364,,0.48853715289913713,,0.005971582337509014,0.9897717796946464,0.9992621891063788,0.23796698532341143,,
315.24167,,,0.664869512570168,,0.004336834459488335,0.9906120989630488,,0.5010509202578819,,0.006395972391946627,0.9906028454905,0.9995844963897164,0.24662461831892127,,
316.19659,,,0.6804720595027436,,0.004800347535293611,0.9912689819652976,,0.5137603485135912,,0.006837859052968759,0.9913730727543415,0.9998232594545706,0.25549176134624446,,
317.1515,,,0.696295192798932,,0.005288123047325502,0.9918852201374981,,0.5266640299431731,,0.007298065805996192,0.9920867366384143,1.0,0.2645678559893208,,
318.10642,,,0.71233728465729,,0.005801614940042804,0.9924632404320015,,0.5397604380921666,,0.007777460250667032,0.9927478362651848,,0.2738520919768419,,
319.06133,,,0.7285965749039682,,0.006342375101387894,0.9930053362127728,,0.5530479237688537,,0.008276955903000375,0.9933601110306112,,0.2833434024474857,,
320.01625,,,0.7450711695473803,,0.006912061933801586,0.9935136718562791,,0.5665247274384368,,0.00879751577622329,0.9939270523250305,,0.2930404778458092,,
320.97116,,,0.7617590034572577,,0.007512447260688599,0.9939902902479993,,0.5801889758479831,,0.009340154456104796,0.9944519190939927,,0.3029417636339524,,
321.92608,,,0.7786577813817782,,0.008145426344276516,0.9944371173033034,,0.5940386947092802,,0.009905942137399351,0.99493774924959,,0.3130454763170597,,
322.88099,,,0.7957648124356931,,0.00881302607108539,0.9948559689928705,,0.6080718058494485,,0.010496007015697533,0.995387374216196,,0.32334960338427016,,
323.83591,,,0.8130766645824952,,0.009517416689248612,0.9952485556951328,,0.622286140012965,,0.011111539844306524,0.9958034297478701,,0.33385192112631973,,
324.79082,,,0.8305883619573532,,0.010260921529493759,0.9956164887155677,,0.6366794343520559,,0.011753796693214913,0.9961883693065213,,0.3445499965115579,,
325.74574,,,0.8482916234215827,,0.011046030790935928,0.995961284411266,,0.6512493450288943,,0.012424104101337381,0.996544474113405,,0.3554412063971052,,
326.70065,,,0.866170929687588,,0.011875413109460655,0.9962843701910338,,0.6659934445629155,,0.013123862261711165,0.996873865296059,,0.3665227409897258,,
327.65557,,,0.8841948969451479,,0.012751931789963493,0.9965870883752974,,0.6809092333337392,,0.013854550855826772,0.9971785130851555,,0.37779162401430455,,
328.61048,,,0.9022975788428114,,0.013678658602114131,0.996870701680341,,0.6959941351498675,,0.014617732734189358,0.9974602477296874,,0.3892447173767325,,
329.5654,,,0.9203393927796694,,0.01465889294149415,0.9971363967940816,,0.7112455044770177,,0.01541506053323349,0.9977207678100665,,0.400878741840197,,
330.52031,,,0.9380316611520776,,0.015696178316535768,0.9973852893595679,,0.7266606140865886,,0.016248280932159857,0.9979616499638522,,0.41269028249758566,,
331.47523,,,0.9548166420534284,,0.016794325024635914,0.9976184272600986,,0.7422366459271784,,0.017119242169031938,0.9981843563270698,,0.4246758095155082,,
332.43014,,,0.9697666367121687,,0.01795742989733175,0.9978367951252195,,0.7579706471086478,,0.018029898968648164,0.9983902431400272,,0.4368316840345872,,
333.38506,,,0.9817456126824637,0.0001994043777965553,0.019189903204715107,0.99804131732805,,0.7738594575622009,,0.018982321093240752,0.9985805673557436,,0.4491541785693328,,
334.33997,,,0.990057022596913,0.0005454761135033426,0.020496492353205383,0.998232862042235,,0.7898995420023491,,0.019978699052426267,0.9987564942110754,,0.461639482981229,,
335.29489,,,0.9950227689227665,0.0011436988833555888,0.021882313887917247,0.9984122439609333,,0.8060866722147179,,0.021021353845934444,0.9989191030575324,,0.47428372416311076,,
336.2498,,,0.997660675780051,0.002170737965114112,0.02335288199428801,0.9985802279361621,,0.8224152764641597,,0.022112743585812607,0.9990693939902491,,0.4870829717643658,,
337.20472,,,0.9989626279113893,0.003913781229683522,0.024914146660077945,0.9987375314333042,,0.8388771721230401,,0.023255474614336236,0.9992082929652185,,0.5000332568311117,,
338.15963,,,0.9995802746609938,0.00681644117561009,0.026572528025289654,0.9988848277855891,,0.8554590571055383,,0.02445230919109925,0.9993366575801248,,0.5131305769920991,,
339.11455,,,0.9998675913214798,0.01150757860976307,0.028334962001095077,0.9990227484007052,,0.8721376321041518,,0.025706178199303664,0.9994552815454042,,0.5263709137529823,,
340.06946,,,1.0,0.01875910963684106,0.030208941749820264,0.9991518856632369,,0.8888701927534446,,0.02702019007668178,0.9995648997085228,,0.5397502368511892,,
341.02438,,,,0.02931096296780725,0.032202572346491015,0.99927279491144,,0.9055769684889318,,0.028397645358408535,0.9996661919459999,,0.5532645198786191,,
341.97929,,,,0.043585757896844116,0.0343246209611202,0.9993859970196532,,0.9221095550813858,,0.029842047061558546,0.9997597875178006,,0.5669097434322152,,
342.93421,,,,0.06147819908554598,0.03658458250006829,0.9994919801638448,,0.9382001044194581,,0.0313571173536767,0.9998462684448076,,0.5806819085870032,,
343.88912,,,,0.08241057629262802,0.038992740416141924,0.999591202114623,,0.9533975234346117,0.00020174630326619977,0.0329468096362967,0.9999261732736471,,0.5945770381891681,,
344.84404,,,,0.10560082480254403,0.04156024569241446,0.9996840918100468,,0.9670376245045246,0.0005182682334989444,0.034615327675534886,1.0,,0.6085911872410606,,
345.79895,,,,0.1303189398092599,0.04429919063111695,0.999771051388081,,0.9783591115717301,0.0010136394609833043,0.03636713967171525,,,0.6227204409300945,,
346.75387,,,,0.15600691268425812,0.047222704051881045,0.9998524575845922,,0.9868380618603445,0.001785962339358273,0.03820700024301634,,,0.636960919794818,,
347.70878,,,,0.1822857479832417,0.05034504091504753,0.9999286635321005,,0.9925207921236717,0.0029829939265713507,0.040139966816033795,,,0.6513087712019346,,
348.6637,,,,0.20891559212076094,0.05368169720551145,1.0,,0.9959765881119236,0.004821725952507191,0.04217142491624047,,,0.6657601642270564,,
349.61861,,,,0.23575083127091778,0.05724951883020357,,,0.9979349067720992,0.007608543913785385,0.044307107268786776,,,0.6803112667250716,,
350.57353,,,,0.26270519493675787,0.061066840344163396,,,0.9989962841562933,0.01175083774696429,0.04655312292086154,,,0.6949582177737407,,
351.52844,,,,0.2897282789228942,0.06515361721115459,,,0.999556960904566,0.017742619714810354,0.048915979503268356,,,0.7096970715244797,,
352.48336,,,,0.3167908673484804,0.06953159327590155,,,0.9998490096147884,0.0261035086246412,0.05140261678981764,,,0.724523718117536,,
353.43827,,,,0.3438760903047172,0.07422446114689117,,,1.0,0.03726510009280851,0.05402043263769651,,,0.7394337494153376,,
354.39319,,,,0.370974212211738,0.07925806406242004,,,,0.051440106969240715,0.056777321677132966,,,0.7544222591604106,,
355.3481,,,,0.39807958844065244,0.08466058974391404,,,,0.06854592686987113,0.05968170552070266,,,0.769483524294177,,
356.30302,,,,0.4251888942335298,0.09046281289943142,,,,0.08823528996720086,0.06274257737069584,,,0.7846105215438851,,
357.25793,,,,0.4523000843987011,0.09669832819424298,,,,0.11001187447954983,0.06596953716088881,,,0.799794176957585,,
358.21285,,,,0.4794117642066158,0.1034038397920747,,,,0.13335911785397128,0.06937284296507426,,,0.8150222259419329,,
359.16776,,,,0.5065227776292137,0.11061943868565081,,,,0.15782621065918223,0.07296345180312426,,,0.8302774783250185,,
360.12268,,,,0.5336318901829105,0.1183889448276059,,,,0.18306135637945545,0.07675307882406632,,,0.8455352209630508,,
361.07759,,,,0.5607374773236795,0.1267602321728809,,,,0.2088092808505291,0.08075424456034934,,,0.8607593875578851,,
362.03251,,,,0.5878371377831694,0.13578562602526362,,,,0.23489335046953405,0.0849803429286872,,,0.8758970692895821,,0.00027856271829970123
362.98742,,,,0.6149271397203394,0.1455222742926832,,,,0.2611950060138908,0.08944569573347973,,,0.8908710020690815,,0.0005816453741854758
363.94234,,,,0.6420015719763646,0.156032595660267,,,,0.2876361777683545,0.09416563055472967,,,0.9055700440963373,,0.0009115947939001179
364.89725,,,,0.6690510134523814,0.16738468499857498,,,,0.3141660074427872,0.09915654325241918,,,0.9198387985682054,,0.0012709997001137464
365.85217,,,,0.6960604307480257,0.17965279311347926,,,,0.3407514971909862,0.10443598675391501,,,0.9334697474349559,,0.0016627187388296451
366.80708,,,,0.7230058712415898,0.1929177328478805,,,,0.367371151711178,0.11002274214494653,,,0.9462048063453723,0.00020578692165546946,0.002089909181363332
367.762,,,,0.7498492989356887,0.20726734143562653,,,,0.39401074518171875,0.115936919164964,,,0.9577558248899857,0.0005110945926938171,0.002556061893583996
368.71691,,,,0.7765306756489843,0.22279681201490267,,,,0.4206605091810463,0.12220003610501959,,,0.9678509272541611,0.0009633071570427311,0.0030650373016643086
369.67183,,,,0.8029561288771631,0.23960903188231514,,,,0.4473132434285566,0.12883513236469152,,,0.9762995288757278,0.0016314950453877486,0.00362110911962583
370.62674,,,,0.8289811268272788,0.2578146839107324,,,,0.4739629952474234,0.13586685668031645,,,0.983049306994744,0.002615308360088566,0.004229009506699501
371.58166,,,,0.8543884498490113,0.27753224354425565,,,,0.500604064772373,0.14332159122383362,,,0.9882020440221532,0.004056386675060192,0.004893983859382403
372.53657,,,,0.8788638936203877,0.2988875421403647,,,,0.5272301607523807,0.15122754644385875,,,0.9919784632048521,0.006151630438565248,0.005621847611801012
373.49149,,,,0.9019792398810437,0.3220129958042042,,,,0.5538335713998578,0.15961489462545245,,,0.9946543484524032,0.009166086927618623,0.006419055019415312
374.4464,,,,0.9232026189838777,0.34704603426164915,,,,0.5804042371243822,0.16851586749991626,,,0.9965015413572162,0.0134400892522084,0.007292770715559431
375.40132,,,,0.9419627011741055,0.37412673823821285,,,,0.6069286101550818,0.17796489450086905,,,0.9977524272847996,0.019381817325084618,0.008250956196167515
376.35623,,,,0.9577780809060797,0.4033939944328776,,,,0.6333881863923542,0.1879986957369969,,,0.9985880822870552,0.027434164830358206,0.00930246007621666
377.31115,,,,0.970412075808413,0.4349799743057852,,,,0.6597575676203677,0.19865641567406933,,,0.9991411426905694,0.0380101303468956,0.010457126962181184
378.26606,,,,0.9799637617056548,0.4690018643200651,,,,0.6860019128924113,0.2099796981826954,,,0.9995048667531614,0.05140628115625545,0.01172591138322449
379.22098,,,,0.9868286374368792,0.5055502485832393,,,,0.7120736084022756,0.22201279891782102,,,0.9997430608473376,0.06772568259183394,0.013121014943913947
380.17589,,,,0.9915589590165043,0.5446724361840259,,,,0.7379080441190805,0.23480261952042125,,,0.9998986104755694,0.08684806258343168,0.014656030164221281
381.13081,,,,0.9947149907769952,0.5863494113021058,,,,0.7634184355066246,0.24839876972711672,,,1.0,0.10846441945033126,0.01634611326435865
382.08572,,,,0.9967725224262709,0.6304637557933325,,,,0.7884899162925697,0.26285352210612084,,,,0.13215626673352193,0.018208165646509466
383.04064,,,,0.9980928265468583,0.67675624763408,,,,0.8129734767239124,0.2782217749492623,,,,0.1574813181459726,0.020261051376765732
383.99555,,,,0.998931222876155,0.7247677533425212,,,,0.8366811536116138,0.29456086341323107,,,,0.1840356779631345,0.022525825752613898
384.95047,,,,0.9994599983990394,0.7737643637340811,,,,0.8593846985908421,0.31193034173824846,,,,0.21148459074771375,0.02502600845779288
385.90538,,,,0.9997920532046248,0.8226458066581646,,,,0.8808211210333995,0.3303915453070318,,,,0.23956829838780153,0.027787870472894962
386.8603,,,,1.0,0.8698458299930094,,,,0.9007084604210037,0.350007058010995,,,,0.268094128895609,0.030840775815720138
387.81521,,,,,0.9132537447184037,,,,0.9187738617311167,0.370839852896284,,,,0.29692336885845516,0.034217539694528204
388.77013,,,,,0.9502346270275986,,,,0.9347912978311333,0.39295222541010744,,,,0.3259579971468664,0.037954853312427914
389.72504,,,,,0.9779305899740954,,,,0.94862075341541,0.41640423297362683,,,,0.35512934288050635,0.04209372704988746
390.67996,,,,,0.9942092612176147,,,,0.9602358594192767,0.4412517388728221,,,,0.3843892182724234,0.04668001318739826
391.63487,,,,,0.9997253367249284,,,,0.9697294948443398,0.46754370117853783,,,,0.41370326351028514,0.05176494687642291
392.58979,,,,,1.0,,,,0.9772946888811849,0.49531875927814656,,,,0.44304605028426813,0.057405779223236905
393.5447,,,,,,,,,0.9831889272056992,0.5246006617043254,,,,0.4723974401695475,0.06366642365890925
394.49962,,,,,,,,,0.987694329497363,0.5553925092916006,,,,0.5017397780630442,0.0706182036261291
395.45453,,,,,,,,,0.9910848032703861,0.5876692382180536,,,,0.5310555654732511,0.0783405986038203
396.40945,,,,,,,,,0.9936049063117793,0.6213682085324871,,,,0.5603253242691872,0.08692209113818286
397.36436,,,,,,,,,0.99546028701291,0.656377217646743,,,,0.5895254065604125,0.09646097780796171
398.31928,,,,,,,,,0.9968164362143739,0.6925197303093656,,,,0.6186255214919688,0.10706625962827511
399.27419,,,,,,,,,0.9978023541679081,0.7295367190704523,,,,0.6475857813778636,0.11885842547074267
400.22911,,,,,,,,,0.9985162641718096,0.7670651647263358,,,,0.6763530637346815,0.13197025045209185
401.18402,,,,,,,,,0.9990317083250232,0.8046134835323908,,,,0.7048565688521513,0.1465473497521634
402.13894,,,,,,,,,0.9994030698170939,0.8415356393250797,,,,0.7330025135883091,0.16274860133953037
403.09385,,,,,,,,,0.9996702141173527,0.8770080180307868,,,,0.7606682041420183,0.18074606777949362
404.04877,,,,,,,,,0.9998621742904439,0.9100178020499052,,,,0.7876960595477104,0.20072449243804186
405.00368,,,,,,,,,1.0,0.9393804647606807,,,,0.8138889595834403,0.2228798326754787
405.9586,,,,,,,,,,0.9638184117212039,,,,0.8390090169584504,0.24741681429750942
406.91351,,,,,,,,,,0.9821565668607188,,,,0.8627829660310414,0.2745447182124696
407.86843,,,,,,,,,,0.9937127819281665,,,,0.8849172806075101,0.30447120962755125
408.82334,,,,,,,,,,0.9989325471890473,,,,0.9051250881638108,0.33739306117236667
409.77826,,,,,,,,,,1.0,,,,0.9231627168872487,0.3734833052505499
410.73317,,,,,,,,,,,,,,0.9388687949755936,0.41287322208397503
411.68809,,,,,,,,,,,,,,0.9521939431504509,0.45562839356188584
412.643,,,,,,,,,,,,,,0.9632105998935628,0.5017169179612793
413.59792,,,,,,,,,,,,,,0.9720987454004065,0.5509690965068691
414.55283,,,,,,,,,,,,,,0.9791134676470438,0.6030273762979765
415.50775,,,,,,,,,,,,,,0.9845455008552781,0.6572878261648808
416.46266,,,,,,,,,,,,,,0.9886861560054792,0.7128363215965513
417.41758,,,,,,,,,,,,,,0.9918026546694395,0.7683888843952092
418.37249,,,,,,,,,,,,,,0.9941251105049805,0.8222542227089541
419.32741,,,,,,,,,,,,,,0.9958426533203575,0.872351346126174
420.28232,,,,,,,,,,,,,,0.9971055199899691,0.9163350054773125
421.23724,,,,,,,,,,,,,,0.9980300642992126,0.951900484383712
422.19215,,,,,,,,,,,,,,0.9987047585695259,0.9773378748918531
423.14707,,,,,,,,,,,,,,0.9991959598259251,0.9923200410040023
424.10198,,,,,,,,,,,,,,0.9995529545830593,0.9986314521947469
425.0569,,,,,,,,,,,,,,0.9998120823217942,1.0
426.01181,,,,,,,,,,,,,,1.0,
426.96673,,,,,,,,,,,,,,,
427.92164,,,,,,,,,,,,,,,
428.87656,,,,,,,,,,,,,,,
429.83147,,,,,,,,,,,,,,,
430.78639,,,,,,,,,,,,,,,
431.7413,,,,,,,,,,,,,,,
432.69622,,,,,,,,,,,,,,,
433.65113,,,,,,,,,,,,,,,
434.60605,,,,,,,,,,,,,,,
435.56096,,,,,,,,,,,,,,,
436.51588,,,,,,,,,,,,,,,
437.47079,,,,,,,,,,,,,,,
438.42571,,,,,,,,,,,,,,,
439.38062,,,,,,,,,,,,,,,
440.33554,,,,,,,,,,,,,,,
441.29045,,,,,,,,,,,,,,,
442.24537,,,,,,,,,,,,,,,
443.20028,,,,,,,,,,,,,,,
444.1552,,,,,,,,,,,,,,,
445.11011,,,,,,,,,,,,,,,
446.06503,,,,,,,,,,,,,,,
447.01994,,,,,,,,,,,,,,,
447.97486,,,,,,,,,,,,,,,
448.92977,,,,,,,,,,,,,,,
449.88469,,,,,,,,,,,,,,,
450.8396,,,,,,,,,,,,,,,
451.79452,,,,,,,,,,,,,,,
452.74943,,,,,,,,,,,,,,,
453.70435,,,,,,,,,,,,,,,
454.65926,,,,,,,,,,,,,,,
455.61418,,,,,,,,,,,,,,,
456.56909,,,,,,,,,,,,,,,
457.52401,,,,,,,,,,,,,,,
458.47892,,,,,,,,,,,,,,,
459.43384,,,,,,,,,,,,,,,
460.38875,,,,,,,,,,,,,,,
461.34367,,,,,,,,,,,,,,,
462.29858,,,,,,,,,,,,,,,
463.2535,,,,,,,,,,,,,,,
464.20841,,,,,,,,,,,,,,,
465.16333,,,,,,,,,,,,,,,
466.11824,,,,,,,,,,,,,,,
467.07316,,,,,,,,,,,,,,,
468.02807,,,,,,,,,,,,,,,
468.98299,,,,,,,,,,,,,,,
469.9379,,,,,,,,,,,,,,,
470.89282,,,,,,,,,,,,,,,
471.84773,,,,,,,,,,,,,,,
472.80265,,,,,,,,,,,,,,,
473.75756,,,,,,,,,,,,,,,
474.71248,,,,,,,,,,,,,,,
475.66739,,,,,,,,,,,,,,,
476.62231,,,,,,,,,,,,,,,
477.57722,,,,,,,,,,,,,,,
478.53214,,,,,,,,,,,,,,,
479.48705,,,,,,,,,,,,,,,
480.44197,,,,,,,,,,,,,,,
481.39688,,,,,,,,,,,,,,,
482.3518,,,,,,,,,,,,,,,
483.30671,,,,,,,,,,,,,,,
484.26163,,,,,,,,,,,,,,,
485.21654,,,,,,,,,,,,,,,
486.17146,,,,,,,,,,,,,,,
487.12637,,,,,,,,,,,,,,,
488.08129,,,,,,,,,,,,,,,
489.0362,,,,,,,,,,,,,,,
489.99112,,,,,,,,,,,,,,,
490.94603,,,,,,,,,,,,,,,
491.90095,,,,,,,,,,,,,,,
492.85586,,,,,,,,,,,,,,,
493.81078,,,,,,,,,,,,,,,
494.76569,,,,,,,,,,,,,,,
495.72061,,,,,,,,,,,,,,,
496.67552,,,,,,,,,,,,,,,
497.63044,,,,,,,,,,,,,,,
498.58535,,,,,,,,,,,,,,,
499.54027,,,,,,,,,,,,,,,
500.49518,,,,,,,,,,,,,,,
